Model_Name,Case,Learning_Rate,Epochs,Transformation,Rotation,Loss_Function,MSE,MAE,Cosine_Similarity,Angle_Difference,Conditionals
convolutional_vae,case_k_003_left,0.0001,1,grid64,False,mse,0.9622493386268616,0.7638448476791382,0.11387667059898376,82.16410827636719,False
convolutional_vae,case_k_008_right,0.0001,1,grid64,False,mse,0.7795876264572144,0.6666101217269897,0.04925670102238655,87.18019104003906,False
convolutional_vae,case_m_006_left,0.0001,1,grid64,False,mse,0.666550874710083,0.6166797876358032,0.29106470942497253,72.08120727539062,False
convolutional_vae,case_w_027_right,0.0001,1,grid64,False,mse,0.6973726749420166,0.6348737478256226,0.42619067430496216,62.30564498901367,False
convolutional_vae,case_w_038_left,0.0001,1,grid64,False,mse,1.1241403818130493,0.8376348614692688,0.23188041150569916,75.08433532714844,False
convolutional_vae,bifurication,0.0001,1,grid64,False,mse,0.7461680173873901,0.6621662974357605,0.07396329194307327,86.07456970214844,False
convolutional_vae,aneurysm2,0.0001,1,grid64,False,mse,1.3915525674819946,0.9460322856903076,0.1146271675825119,82.62857818603516,False
convolutional_vae,aneurysm1,0.0001,1,grid64,False,mse,0.756016731262207,0.6722469329833984,0.01643671840429306,89.11600494384766,False
convolutional_vae,cylinder,0.0001,1,grid64,False,mse,2.2184267044067383,1.0751745700836182,0.333499014377594,70.1341323852539,False
convolutional_vae,case_k_003_left,0.0001,10,grid64,False,mse,0.28549453616142273,0.3979629576206207,-0.07856281846761703,94.59896087646484,False
convolutional_vae,case_k_008_right,0.0001,10,grid64,False,mse,0.19897447526454926,0.35967016220092773,-0.07851526886224747,95.80345153808594,False
convolutional_vae,case_m_006_left,0.0001,10,grid64,False,mse,0.17093929648399353,0.3495153784751892,-0.2894734740257263,110.44967651367188,False
convolutional_vae,case_w_027_right,0.0001,10,grid64,False,mse,0.22277836501598358,0.396973580121994,0.2487659901380539,74.07861328125,False
convolutional_vae,case_w_038_left,0.0001,10,grid64,False,mse,0.16098450124263763,0.3130098581314087,0.15304698050022125,80.30982208251953,False
convolutional_vae,bifurication,0.0001,10,grid64,False,mse,0.08574611693620682,0.204973503947258,-0.5052136778831482,126.27865600585938,False
convolutional_vae,aneurysm2,0.0001,10,grid64,False,mse,0.9696378111839294,0.7543575167655945,0.0637773871421814,86.57010650634766,False
convolutional_vae,aneurysm1,0.0001,10,grid64,False,mse,16.810466766357422,3.134479522705078,0.0025062942877411842,88.8400650024414,False
convolutional_vae,cylinder,0.0001,10,grid64,False,mse,0.19191253185272217,0.35775846242904663,0.32066604495048523,71.00082397460938,False
convolutional_vae,case_k_003_left,0.001,1,grid64,False,mse,2.7563836574554443,1.0358281135559082,0.06943387538194656,85.93473052978516,False
convolutional_vae,case_k_008_right,0.001,1,grid64,False,mse,1.349155068397522,0.7152822017669678,-0.29362452030181885,108.7396240234375,False
convolutional_vae,case_m_006_left,0.001,1,grid64,False,mse,31.613521575927734,4.281337261199951,0.2744780480861664,73.48931884765625,False
convolutional_vae,case_w_027_right,0.001,1,grid64,False,mse,1.893558144569397,0.802716076374054,-0.18812018632888794,101.30793762207031,False
convolutional_vae,case_w_038_left,0.001,1,grid64,False,mse,41.804100036621094,4.629415512084961,-0.06764031201601028,94.71125030517578,False
convolutional_vae,bifurication,0.001,1,grid64,False,mse,6.15850305557251,1.618414282798767,0.22395417094230652,76.85150909423828,False
convolutional_vae,aneurysm2,0.001,1,grid64,False,mse,17.839508056640625,2.060973882675171,-0.05877819284796715,93.7364501953125,False
convolutional_vae,aneurysm1,0.001,1,grid64,False,mse,1.030189037322998,0.5052446126937866,0.18112266063690186,77.4332504272461,False
convolutional_vae,cylinder,0.001,1,grid64,False,mse,10.267093658447266,1.9328947067260742,0.012004501186311245,89.73709869384766,False
convolutional_vae,case_k_003_left,0.01,10,grid64,False,mse,2.3333685398101807,1.267727255821228,-0.03576291352510452,92.9320068359375,False
convolutional_vae,case_k_008_right,0.01,10,grid64,False,mse,0.6657689213752747,0.7336757779121399,0.4870988428592682,57.98797607421875,False
convolutional_vae,case_m_006_left,0.01,10,grid64,False,mse,0.4330294728279114,0.4442793130874634,0.644659698009491,48.388221740722656,False
convolutional_vae,case_w_027_right,0.01,10,grid64,False,mse,0.27461403608322144,0.4364185631275177,-0.39313170313835144,115.86675262451172,False
convolutional_vae,case_w_038_left,0.01,10,grid64,False,mse,0.27760061621665955,0.3710072636604309,-0.08085791021585464,95.58020782470703,False
convolutional_vae,bifurication,0.01,10,grid64,False,mse,3.334007501602173,1.5799671411514282,0.5501934885978699,55.39960861206055,False
convolutional_vae,aneurysm2,0.01,10,grid64,False,mse,,,,,False
convolutional_vae,aneurysm1,0.01,10,grid64,False,mse,,,,,False
convolutional_vae,cylinder,0.01,10,grid64,False,mse,19.45425796508789,3.8493528366088867,0.5843569040298462,54.071746826171875,False
convolutional_vae,case_k_003_left,0.001,10,grid64,False,mse,1.4970701932907104,0.8673257231712341,0.1326630860567093,81.73355102539062,False
convolutional_vae,case_k_008_right,0.001,10,grid64,False,mse,3.349360942840576,1.4541501998901367,0.2677321135997772,72.2938232421875,False
convolutional_vae,case_m_006_left,0.001,10,grid64,False,mse,3.8493435382843018,1.8320715427398682,0.43724486231803894,63.81665802001953,False
convolutional_vae,case_w_027_right,0.001,10,grid64,False,mse,1.4600098133087158,1.0579774379730225,0.26175108551979065,71.97732543945312,False
convolutional_vae,case_w_038_left,0.001,10,grid64,False,mse,1.5022728443145752,1.015987515449524,0.39907246828079224,62.145484924316406,False
convolutional_vae,bifurication,0.001,10,grid64,False,mse,5.216447830200195,1.907946228981018,0.39171382784843445,65.51738739013672,False
convolutional_vae,aneurysm2,0.001,10,grid64,False,mse,inf,8.012984312772305e+25,0.0,90.0,False
convolutional_vae,aneurysm1,0.001,10,grid64,False,mse,,,,,False
convolutional_vae,cylinder,0.001,10,grid64,False,mse,5.418156147003174,2.0716803073883057,0.5731201767921448,54.90016555786133,False
convolutional_vae,case_k_003_left,0.001,30,grid64,False,mse,0.2557985782623291,0.36909785866737366,-0.15977051854133606,100.33523559570312,False
convolutional_vae,case_k_008_right,0.001,30,grid64,False,mse,0.13444790244102478,0.2922934889793396,0.47699540853500366,58.147586822509766,False
convolutional_vae,case_m_006_left,0.001,30,grid64,False,mse,0.17579984664916992,0.33335649967193604,0.522223949432373,56.77809143066406,False
convolutional_vae,case_w_027_right,0.001,30,grid64,False,mse,0.12603405117988586,0.28064608573913574,0.4999048709869385,56.053829193115234,False
convolutional_vae,case_w_038_left,0.001,30,grid64,False,mse,0.2997617721557617,0.45628657937049866,0.3106674551963806,70.7968978881836,False
convolutional_vae,bifurication,0.001,30,grid64,False,mse,0.12479697912931442,0.24761813879013062,0.3849610388278961,65.37450408935547,False
convolutional_vae,aneurysm2,0.001,30,grid64,False,mse,,,,,False
convolutional_vae,aneurysm1,0.001,30,grid64,False,mse,,,,,False
convolutional_vae,cylinder,0.001,30,grid64,False,mse,8047770.0,2195.702392578125,0.43586465716362,63.87957763671875,False
convolutional_vae,case_k_003_left,0.0001,30,grid64,False,mse,0.6206302642822266,0.5501508712768555,-0.19139108061790466,101.99517059326172,False
convolutional_vae,case_k_008_right,0.0001,30,grid64,False,mse,2.644786834716797,1.1907612085342407,0.034453053027391434,87.78807830810547,False
convolutional_vae,case_m_006_left,0.0001,30,grid64,False,mse,0.7098149657249451,0.6583417057991028,0.34346863627433777,67.81269073486328,False
convolutional_vae,case_w_027_right,0.0001,30,grid64,False,mse,11.279939651489258,2.6359777450561523,0.4655207097530365,59.11982345581055,False
convolutional_vae,case_w_038_left,0.0001,30,grid64,False,mse,1.6662355661392212,1.0486279726028442,0.42087239027023315,62.563392639160156,False
convolutional_vae,bifurication,0.0001,30,grid64,False,mse,4.0234198570251465,1.4682109355926514,0.012874987907707691,89.89501953125,False
convolutional_vae,aneurysm2,0.0001,30,grid64,False,mse,1.6626776456832886,0.9212521910667419,-0.00010423922503832728,90.22119140625,False
convolutional_vae,aneurysm1,0.0001,30,grid64,False,mse,22715.53515625,137.79344177246094,0.25933024287223816,72.1324691772461,False
convolutional_vae,cylinder,0.0001,30,grid64,False,mse,1.375970482826233,0.9129344820976257,0.2648104429244995,73.46229553222656,False
convolutional_vae,case_k_003_left,0.01,50,grid64,False,mse,0.21499048173427582,0.35062164068222046,0.4531387388706207,57.634796142578125,False
convolutional_vae,case_k_008_right,0.01,50,grid64,False,mse,0.09356657415628433,0.24664977192878723,0.7435380816459656,34.584537506103516,False
convolutional_vae,case_m_006_left,0.01,50,grid64,False,mse,0.08796699345111847,0.22909946739673615,0.865238606929779,28.29762840270996,False
convolutional_vae,case_w_027_right,0.01,50,grid64,False,mse,0.10880215466022491,0.2678910195827484,0.5452807545661926,52.098087310791016,False
convolutional_vae,case_w_038_left,0.01,50,grid64,False,mse,0.12690064311027527,0.2811541259288788,0.546114444732666,50.77259063720703,False
convolutional_vae,bifurication,0.01,50,grid64,False,mse,0.0028103983495384455,0.03041892871260643,0.6805229187011719,38.624481201171875,False
convolutional_vae,aneurysm2,0.01,50,grid64,False,mse,,,,,False
convolutional_vae,aneurysm1,0.01,50,grid64,False,mse,,,,,False
convolutional_vae,cylinder,0.01,50,grid64,False,mse,0.004767261911183596,0.03563443943858147,0.9862193465232849,9.455373764038086,False
convolutional_vae,case_k_003_left,0.001,50,grid64,False,mse,0.2157052606344223,0.34837067127227783,0.012548171915113926,88.63790893554688,False
convolutional_vae,case_k_008_right,0.001,50,grid64,False,mse,0.08403341472148895,0.2250439077615738,0.6810024976730347,42.255348205566406,False
convolutional_vae,case_m_006_left,0.001,50,grid64,False,mse,0.07494952529668808,0.21808239817619324,0.7580332159996033,37.73158264160156,False
convolutional_vae,case_w_027_right,0.001,50,grid64,False,mse,0.10209397971630096,0.26449939608573914,0.5006794333457947,57.67562484741211,False
convolutional_vae,case_w_038_left,0.001,50,grid64,False,mse,0.11969585716724396,0.26993528008461,0.31834980845451355,68.54289245605469,False
convolutional_vae,bifurication,0.001,50,grid64,False,mse,0.0033407278824597597,0.04251398146152496,0.3957207202911377,63.67169952392578,False
convolutional_vae,aneurysm2,0.001,50,grid64,False,mse,2.4832467889451643e+32,1.4371585490157568e+16,0.27181681990623474,70.72732543945312,False
convolutional_vae,aneurysm1,0.001,50,grid64,False,mse,,,,,False
convolutional_vae,cylinder,0.001,50,grid64,False,mse,0.00520545057952404,0.05686173588037491,0.773132860660553,37.234615325927734,False
convolutional_vae,case_k_003_left,0.0001,50,grid64,False,mse,0.15495774149894714,0.2796078026294708,0.627820611000061,48.18663787841797,False
convolutional_vae,case_k_008_right,0.0001,50,grid64,False,mse,0.059478241950273514,0.1839480996131897,0.7279993891716003,41.05970764160156,False
convolutional_vae,case_m_006_left,0.0001,50,grid64,False,mse,0.024289369583129883,0.12942424416542053,0.887687087059021,25.170936584472656,False
convolutional_vae,case_w_027_right,0.0001,50,grid64,False,mse,0.0541255846619606,0.17703479528427124,0.7410860061645508,39.32620620727539,False
convolutional_vae,case_w_038_left,0.0001,50,grid64,False,mse,0.0487503744661808,0.1641428917646408,0.8545502424240112,27.989973068237305,False
convolutional_vae,bifurication,0.0001,50,grid64,False,mse,0.03976452350616455,0.16267713904380798,0.8592384457588196,29.644073486328125,False
convolutional_vae,aneurysm2,0.0001,50,grid64,False,mse,0.05629938840866089,0.19749630987644196,0.05314737558364868,86.1783447265625,False
convolutional_vae,aneurysm1,0.0001,50,grid64,False,mse,103.443115234375,6.064679145812988,0.08832307159900665,84.29408264160156,False
convolutional_vae,cylinder,0.0001,50,grid64,False,mse,0.029193270951509476,0.1438966691493988,0.9204069375991821,21.747821807861328,False
convolutional_vae,case_k_003_left,0.0001,10,grid128,False,mse,0.2197267711162567,0.35458678007125854,0.15755945444107056,79.92303466796875,False
convolutional_vae,case_k_008_right,0.0001,10,grid128,False,mse,0.1023220419883728,0.2554702162742615,0.2094484269618988,75.36353302001953,False
convolutional_vae,case_m_006_left,0.0001,10,grid128,False,mse,0.09762853384017944,0.2383328229188919,0.24011626839637756,72.92335510253906,False
convolutional_vae,case_w_027_right,0.0001,10,grid128,False,mse,0.1088949590921402,0.26574739813804626,0.25045186281204224,72.24604797363281,False
convolutional_vae,case_w_038_left,0.0001,10,grid128,False,mse,0.12916332483291626,0.2854202687740326,0.17589938640594482,78.97332000732422,False
convolutional_vae,aneurysm1,0.0001,10,grid128,False,mse,0.05798919126391411,0.19793494045734406,0.36759039759635925,63.43281555175781,False
convolutional_vae,aneurysm2,0.0001,10,grid128,False,mse,0.09829947352409363,0.26527559757232666,0.15234850347042084,80.86357116699219,False
convolutional_vae,bifurication,0.0001,10,grid128,False,mse,0.004892998840659857,0.0467405691742897,0.2948497533798218,70.08454895019531,False
convolutional_vae,cylinder,0.0001,10,grid128,False,mse,0.009790495038032532,0.06253938376903534,0.2960490882396698,69.55013275146484,False
convolutional_vae,case_k_003_left,0.01,1,grid128,False,mse,0.2176312655210495,0.3631749749183655,0.11964570730924606,82.34375,False
convolutional_vae,case_k_008_right,0.01,1,grid128,False,mse,0.10142016410827637,0.2660817801952362,0.16558901965618134,80.15364837646484,False
convolutional_vae,case_m_006_left,0.01,1,grid128,False,mse,0.0866142064332962,0.22310025990009308,0.6022418737411499,51.62030029296875,False
convolutional_vae,case_w_027_right,0.01,1,grid128,False,mse,0.10502608120441437,0.2654646337032318,0.3302064538002014,69.44756317138672,False
convolutional_vae,case_w_038_left,0.01,1,grid128,False,mse,0.11960277706384659,0.2785056531429291,0.45454439520835876,61.215702056884766,False
convolutional_vae,aneurysm1,0.01,1,grid128,False,mse,0.05639790743589401,0.1969747096300125,0.3770858347415924,66.9215087890625,False
convolutional_vae,aneurysm2,0.01,1,grid128,False,mse,0.10774937272071838,0.2938166856765747,-0.22791129350662231,103.76556396484375,False
convolutional_vae,bifurication,0.01,1,grid128,False,mse,0.0045331064611673355,0.05429676175117493,0.41015249490737915,64.72356414794922,False
convolutional_vae,cylinder,0.01,1,grid128,False,mse,0.008474932983517647,0.07203095406293869,0.4438830018043518,63.647926330566406,False
convolutional_vae,case_k_003_left,0.001,1,grid128,False,mse,0.24125990271568298,0.37928080558776855,-0.7127840518951416,142.70973205566406,False
convolutional_vae,case_k_008_right,0.001,1,grid128,False,mse,0.12105412781238556,0.28241637349128723,-0.8278024792671204,149.97039794921875,False
convolutional_vae,case_m_006_left,0.001,1,grid128,False,mse,0.11616247147321701,0.25225090980529785,-0.6784512996673584,134.6429443359375,False
convolutional_vae,case_w_027_right,0.001,1,grid128,False,mse,0.12896199524402618,0.2881125509738922,-0.7054815292358398,137.8610076904297,False
convolutional_vae,case_w_038_left,0.001,1,grid128,False,mse,0.14854206144809723,0.3066481947898865,-0.7327815294265747,140.84971618652344,False
convolutional_vae,aneurysm1,0.001,1,grid128,False,mse,0.07436125725507736,0.21807442605495453,-0.6829208135604858,136.0715789794922,False
convolutional_vae,aneurysm2,0.001,1,grid128,False,mse,0.12067916244268417,0.30025529861450195,-0.912888765335083,160.2301788330078,False
convolutional_vae,bifurication,0.001,1,grid128,False,mse,0.00859067402780056,0.06047748401761055,-0.774695634841919,146.1681671142578,False
convolutional_vae,cylinder,0.001,1,grid128,False,mse,0.015999270603060722,0.07737980037927628,-0.8724486231803894,151.44163513183594,False
convolutional_vae,case_k_003_left,0.0001,1,grid128,False,mse,0.2913164794445038,0.40420427918434143,-0.21076279878616333,103.85338592529297,False
convolutional_vae,case_k_008_right,0.0001,1,grid128,False,mse,0.16567742824554443,0.32110849022865295,-0.06637028604745865,94.9653549194336,False
convolutional_vae,case_m_006_left,0.0001,1,grid128,False,mse,0.17341041564941406,0.3342590928077698,-0.2743239998817444,110.27582550048828,False
convolutional_vae,case_w_027_right,0.0001,1,grid128,False,mse,0.18504567444324493,0.3487182557582855,-0.37986457347869873,115.44567108154297,False
convolutional_vae,case_w_038_left,0.0001,1,grid128,False,mse,0.19494804739952087,0.3337070345878601,-0.13579756021499634,99.2105712890625,False
convolutional_vae,aneurysm1,0.0001,1,grid128,False,mse,0.12813906371593475,0.2938079833984375,-0.15787386894226074,101.51692199707031,False
convolutional_vae,aneurysm2,0.0001,1,grid128,False,mse,0.15560385584831238,0.34388479590415955,-0.10380000621080399,96.86770629882812,False
convolutional_vae,bifurication,0.0001,1,grid128,False,mse,0.051435649394989014,0.16042566299438477,-0.2900089919567108,110.07884216308594,False
convolutional_vae,cylinder,0.0001,1,grid128,False,mse,0.06551392376422882,0.17730258405208588,-0.1742876172065735,103.16950225830078,False
convolutional_vae,case_k_003_left,0.001,10,grid128,False,mse,0.22060972452163696,0.3586985170841217,0.08135360479354858,84.2606201171875,False
convolutional_vae,case_k_008_right,0.001,10,grid128,False,mse,0.10346412658691406,0.2638663947582245,0.02876654453575611,88.13195037841797,False
convolutional_vae,case_m_006_left,0.001,10,grid128,False,mse,0.10137157887220383,0.24804940819740295,0.09349541366100311,83.45491790771484,False
convolutional_vae,case_w_027_right,0.001,10,grid128,False,mse,0.11499741673469543,0.27727630734443665,-0.03899809345602989,92.44631958007812,False
convolutional_vae,case_w_038_left,0.001,10,grid128,False,mse,0.12617656588554382,0.2752723693847656,0.31317073106765747,69.09354400634766,False
convolutional_vae,aneurysm1,0.001,10,grid128,False,mse,0.06623325496912003,0.21792608499526978,-0.09345870465040207,95.7042465209961,False
convolutional_vae,aneurysm2,0.001,10,grid128,False,mse,0.10388568043708801,0.28445640206336975,-0.04907016083598137,92.96843719482422,False
convolutional_vae,bifurication,0.001,10,grid128,False,mse,0.005748276598751545,0.05716438964009285,0.09257504343986511,83.98825073242188,False
convolutional_vae,cylinder,0.001,10,grid128,False,mse,0.011035208590328693,0.07190445065498352,0.08740817755460739,83.89389038085938,False
convolutional_vae,case_k_003_left,0.01,30,grid64,False,mse,0.21783578395843506,0.3544153869152069,0.6296229362487793,45.82234191894531,False
convolutional_vae,case_k_008_right,0.01,30,grid64,False,mse,0.09733118116855621,0.25219810009002686,0.8172731995582581,30.832887649536133,False
convolutional_vae,case_m_006_left,0.01,30,grid64,False,mse,0.0939343050122261,0.23469465970993042,0.8625796437263489,26.73514747619629,False
convolutional_vae,case_w_027_right,0.01,30,grid64,False,mse,0.11183860898017883,0.27110689878463745,-0.2667478919029236,111.69356536865234,False
convolutional_vae,case_w_038_left,0.01,30,grid64,False,mse,0.12613849341869354,0.281268447637558,0.8426795601844788,28.60280990600586,False
convolutional_vae,bifurication,0.01,30,grid64,False,mse,0.0029411057475954294,0.030061369761824608,0.841147243976593,26.28243637084961,False
convolutional_vae,aneurysm2,0.01,30,grid64,False,mse,,,,,False
convolutional_vae,aneurysm1,0.01,30,grid64,False,mse,,,,,False
convolutional_vae,cylinder,0.01,30,grid64,False,mse,,,,,False
convolutional_vae,case_k_003_left,0.001,30,grid128,False,mse,0.20808888971805573,0.32633987069129944,0.3309236168861389,70.02093505859375,False
convolutional_vae,case_k_008_right,0.001,30,grid128,False,mse,0.091277115046978,0.24301163852214813,0.2983793616294861,71.16997528076172,False
convolutional_vae,case_m_006_left,0.001,30,grid128,False,mse,0.113154336810112,0.27742472290992737,-0.11835967004299164,96.93462371826172,False
convolutional_vae,case_w_027_right,0.001,30,grid128,False,mse,0.11578670144081116,0.28510716557502747,0.006221432238817215,89.63484191894531,False
convolutional_vae,case_w_038_left,0.001,30,grid128,False,mse,0.1251993328332901,0.27028945088386536,0.2562536895275116,74.80322265625,False
convolutional_vae,aneurysm1,0.001,30,grid128,False,mse,0.07303492724895477,0.2333299219608307,-0.1336769163608551,98.53730773925781,False
convolutional_vae,aneurysm2,0.001,30,grid128,False,mse,0.07989084720611572,0.23435638844966888,0.5849062204360962,52.92039489746094,False
convolutional_vae,bifurication,0.001,30,grid128,False,mse,0.009969496168196201,0.07959845662117004,0.10486217588186264,83.44456481933594,False
convolutional_vae,cylinder,0.001,30,grid128,False,mse,0.015300117433071136,0.10213935375213623,0.0549953430891037,86.84739685058594,False
convolutional_vae,case_k_003_left,0.0001,30,grid128,False,mse,0.22352415323257446,0.3580196499824524,-0.06652697920799255,94.46353912353516,False
convolutional_vae,case_k_008_right,0.0001,30,grid128,False,mse,0.10378537327051163,0.25969812273979187,0.04933134838938713,86.21331024169922,False
convolutional_vae,case_m_006_left,0.0001,30,grid128,False,mse,0.10267718881368637,0.24394160509109497,-0.11349567025899887,97.57437896728516,False
convolutional_vae,case_w_027_right,0.0001,30,grid128,False,mse,0.11330793052911758,0.2728126347064972,-0.07478625327348709,94.11983489990234,False
convolutional_vae,case_w_038_left,0.0001,30,grid128,False,mse,0.13266849517822266,0.2873733341693878,-0.1133507639169693,98.09610748291016,False
convolutional_vae,aneurysm1,0.0001,30,grid128,False,mse,0.06247430294752121,0.2044718861579895,-0.031876709312200546,92.33502197265625,False
convolutional_vae,aneurysm2,0.0001,30,grid128,False,mse,0.10035063326358795,0.2686825394630432,0.1564394235610962,79.35597229003906,False
convolutional_vae,bifurication,0.0001,30,grid128,False,mse,0.004940662533044815,0.043897468596696854,-0.10974517464637756,97.77632904052734,False
convolutional_vae,cylinder,0.0001,30,grid128,False,mse,0.01038576290011406,0.05791337043046951,-0.07751268148422241,95.17526245117188,False
convolutional_vae,case_k_003_left,0.001,50,grid128,False,mse,0.21592923998832703,0.3534066379070282,0.3073330819606781,69.90728759765625,False
convolutional_vae,case_k_008_right,0.001,50,grid128,False,mse,0.0983198806643486,0.25622546672821045,0.3097972571849823,70.44064331054688,False
convolutional_vae,case_m_006_left,0.001,50,grid128,False,mse,0.09306997805833817,0.23452427983283997,0.5140132904052734,56.389190673828125,False
convolutional_vae,case_w_027_right,0.001,50,grid128,False,mse,0.10682985186576843,0.26733657717704773,0.342250794172287,68.1213607788086,False
convolutional_vae,case_w_038_left,0.001,50,grid128,False,mse,0.1216021478176117,0.27511486411094666,0.535749077796936,52.6773567199707,False
convolutional_vae,aneurysm1,0.001,50,grid128,False,mse,0.05866013839840889,0.20272909104824066,0.32371628284454346,70.11196899414062,False
convolutional_vae,aneurysm2,0.001,50,grid128,False,mse,0.09708271920681,0.27400073409080505,0.1687493920326233,79.541259765625,False
convolutional_vae,bifurication,0.001,50,grid128,False,mse,0.004165719263255596,0.04423839971423149,0.4636729657649994,60.585811614990234,False
convolutional_vae,cylinder,0.001,50,grid128,False,mse,28765.6953125,22.18025016784668,0.7111616134643555,43.8706169128418,False
convolutional_vae,case_k_003_left,0.0001,50,grid128,False,mse,0.22446568310260773,0.3576982617378235,-0.20202352106571198,103.3566665649414,False
convolutional_vae,case_k_008_right,0.0001,50,grid128,False,mse,0.10450021177530289,0.259331613779068,-0.22314991056919098,104.96025848388672,False
convolutional_vae,case_m_006_left,0.0001,50,grid128,False,mse,0.10604564845561981,0.24819126725196838,-0.5715702176094055,127.58634185791016,False
convolutional_vae,case_w_027_right,0.0001,50,grid128,False,mse,0.11482091248035431,0.27422448992729187,-0.3382052779197693,112.77391815185547,False
convolutional_vae,case_w_038_left,0.0001,50,grid128,False,mse,0.13467034697532654,0.289020299911499,-0.3869190514087677,115.81224060058594,False
convolutional_vae,aneurysm1,0.0001,50,grid128,False,mse,0.06473715603351593,0.2091679871082306,-0.4851183593273163,122.12555694580078,False
convolutional_vae,aneurysm2,0.0001,50,grid128,False,mse,0.10165727138519287,0.2715468108654022,0.0595870278775692,86.072021484375,False
convolutional_vae,bifurication,0.0001,50,grid128,False,mse,0.0054251099936664104,0.04578152298927307,-0.4161573648452759,117.9776611328125,False
convolutional_vae,cylinder,0.0001,50,grid128,False,mse,0.011122780852019787,0.06122097373008728,-0.46548622846603394,119.99777221679688,False
convolutional_vae,case_k_003_left,0.0001,10,grid64,False,mse,0.7328542470932007,0.6304433941841125,0.5402640700340271,52.95804977416992,True
convolutional_vae,case_k_008_right,0.0001,10,grid64,False,mse,1.7744253873825073,1.07040274143219,0.7147939801216125,41.0130615234375,True
convolutional_vae,case_m_006_left,0.0001,10,grid64,False,mse,36.781551361083984,5.763580322265625,0.7715491056442261,37.640132904052734,True
convolutional_vae,case_w_027_right,0.0001,10,grid64,False,mse,0.5783157348632812,0.5946430563926697,0.46240460872650146,58.79674530029297,True
convolutional_vae,case_w_038_left,0.0001,10,grid64,False,mse,1.6996092796325684,1.0366028547286987,0.7573031187057495,37.5533561706543,True
convolutional_vae,bifurication,0.0001,10,grid64,False,mse,2.591779947280884,1.4524883031845093,0.7670463919639587,37.78955078125,True
convolutional_vae,aneurysm2,0.0001,10,grid64,False,mse,1.6470633745193481,1.153777837753296,0.1883537620306015,77.32673645019531,True
convolutional_vae,aneurysm1,0.0001,10,grid64,False,mse,62.75302505493164,7.271451950073242,0.25958701968193054,70.99046325683594,True
convolutional_vae,cylinder,0.0001,10,grid64,False,mse,2.464409589767456,1.4250292778015137,0.8055495619773865,34.848655700683594,True
convolutional_vae,case_k_003_left,0.01,1,grid64,False,mse,0.35697466135025024,0.46287843585014343,-0.5170144438743591,126.06173706054688,True
convolutional_vae,case_k_008_right,0.01,1,grid64,False,mse,1.534996509552002,1.0230003595352173,0.6686887741088867,45.22642517089844,True
convolutional_vae,case_m_006_left,0.01,1,grid64,False,mse,105.14999389648438,8.479548454284668,0.3984324336051941,65.0540771484375,True
convolutional_vae,case_w_027_right,0.01,1,grid64,False,mse,0.37685975432395935,0.48767271637916565,0.27048665285110474,72.60121154785156,True
convolutional_vae,case_w_038_left,0.01,1,grid64,False,mse,0.3387887477874756,0.4379340410232544,0.44714394211769104,59.936553955078125,True
convolutional_vae,bifurication,0.01,1,grid64,False,mse,0.2813864052295685,0.4171830713748932,0.5024150609970093,56.465843200683594,True
convolutional_vae,aneurysm2,0.01,1,grid64,False,mse,,,,,True
convolutional_vae,aneurysm1,0.01,1,grid64,False,mse,,,,,True
convolutional_vae,cylinder,0.01,1,grid64,False,mse,inf,2.6817095835376523e+33,0.0,90.0,True
convolutional_vae,case_k_003_left,0.001,1,grid64,False,mse,1.3958730697631836,0.821227490901947,0.30941081047058105,67.46060943603516,True
convolutional_vae,case_k_008_right,0.001,1,grid64,False,mse,8.05263900756836,2.5632052421569824,0.6815584897994995,44.1689453125,True
convolutional_vae,case_m_006_left,0.001,1,grid64,False,mse,63.226375579833984,4.962512493133545,0.3182513117790222,71.03822326660156,True
convolutional_vae,case_w_027_right,0.001,1,grid64,False,mse,2.9156665802001953,1.5509155988693237,0.5081557035446167,57.37576675415039,True
convolutional_vae,case_w_038_left,0.001,1,grid64,False,mse,3.53047776222229,1.5424201488494873,0.34044015407562256,68.90847778320312,True
convolutional_vae,bifurication,0.001,1,grid64,False,mse,1.9462502002716064,1.3644633293151855,0.481233686208725,59.985313415527344,True
convolutional_vae,aneurysm2,0.001,1,grid64,False,mse,2.0848371982574463,1.4263291358947754,0.24899105727672577,72.79125213623047,True
convolutional_vae,aneurysm1,0.001,1,grid64,False,mse,2.1330301761627197,1.44828462600708,0.01836661994457245,88.96224212646484,True
convolutional_vae,cylinder,0.001,1,grid64,False,mse,1.9483087062835693,1.3476624488830566,0.5128964781761169,59.00698471069336,True
convolutional_vae,case_k_003_left,0.001,1,grid128,False,mse,0.21842271089553833,0.3545067012310028,0.2886280417442322,72.13431549072266,True
convolutional_vae,case_k_008_right,0.001,1,grid128,False,mse,0.10008985549211502,0.25478222966194153,0.40157970786094666,64.1985855102539,True
convolutional_vae,case_m_006_left,0.001,1,grid128,False,mse,0.0875595360994339,0.2241944819688797,0.8057651519775391,35.41317367553711,True
convolutional_vae,case_w_027_right,0.001,1,grid128,False,mse,0.10557852685451508,0.2631143033504486,0.5491737127304077,54.288700103759766,True
convolutional_vae,case_w_038_left,0.001,1,grid128,False,mse,0.1275372952222824,0.2876056730747223,0.2450130581855774,74.51802062988281,True
convolutional_vae,aneurysm1,0.001,1,grid128,False,mse,0.05964076146483421,0.19752126932144165,0.3152632415294647,70.50081634521484,True
convolutional_vae,aneurysm2,0.001,1,grid128,False,mse,0.1009034812450409,0.2703102231025696,-0.06961842626333237,94.32273864746094,True
convolutional_vae,bifurication,0.001,1,grid128,False,mse,0.0047664521262049675,0.046283356845378876,0.10738423466682434,83.27969360351562,True
convolutional_vae,cylinder,0.001,1,grid128,False,mse,0.009661740623414516,0.061241455376148224,0.18617133796215057,78.63996124267578,True
convolutional_vae,case_k_003_left,0.0001,1,grid64,False,mse,2.130540370941162,1.1836503744125366,0.6411105394363403,42.512481689453125,True
convolutional_vae,case_k_008_right,0.0001,1,grid64,False,mse,2.698723554611206,1.4494380950927734,0.7455825805664062,36.72318649291992,True
convolutional_vae,case_m_006_left,0.0001,1,grid64,False,mse,496.2503356933594,18.724088668823242,0.736859142780304,39.82798385620117,True
convolutional_vae,case_w_027_right,0.0001,1,grid64,False,mse,2.3228437900543213,1.3498791456222534,0.5616921186447144,54.243446350097656,True
convolutional_vae,case_w_038_left,0.0001,1,grid64,False,mse,4.586989402770996,1.7803442478179932,0.6673887372016907,44.13542175292969,True
convolutional_vae,bifurication,0.0001,1,grid64,False,mse,2.207970142364502,1.2464836835861206,0.8023173809051514,31.09201431274414,True
convolutional_vae,aneurysm2,0.0001,1,grid64,False,mse,2.203505277633667,1.243341088294983,-0.009291897527873516,90.56803131103516,True
convolutional_vae,aneurysm1,0.0001,1,grid64,False,mse,2.2612550258636475,1.2801477909088135,0.26248690485954285,69.51798248291016,True
convolutional_vae,cylinder,0.0001,1,grid64,False,mse,2.152845621109009,1.272753119468689,0.8344151377677917,32.148048400878906,True
convolutional_vae,case_k_003_left,0.0001,1,grid128,False,mse,0.21218542754650116,0.34153619408607483,0.29128459095954895,70.66744995117188,True
convolutional_vae,case_k_008_right,0.0001,1,grid128,False,mse,0.09525934606790543,0.2438734918832779,0.3496454954147339,66.42288208007812,True
convolutional_vae,case_m_006_left,0.0001,1,grid128,False,mse,0.05978591367602348,0.21132470667362213,0.6945931315422058,45.5186882019043,True
convolutional_vae,case_w_027_right,0.0001,1,grid128,False,mse,0.10259763151407242,0.26361268758773804,0.34047770500183105,67.08854675292969,True
convolutional_vae,case_w_038_left,0.0001,1,grid128,False,mse,0.11175016313791275,0.25219422578811646,0.45195868611335754,57.5634880065918,True
convolutional_vae,aneurysm1,0.0001,1,grid128,False,mse,0.05787261575460434,0.2021145224571228,0.34002256393432617,66.94342041015625,True
convolutional_vae,aneurysm2,0.0001,1,grid128,False,mse,0.09117389470338821,0.25326135754585266,0.31423941254615784,69.59095764160156,True
convolutional_vae,bifurication,0.0001,1,grid128,False,mse,0.014386418275535107,0.09806235879659653,0.45562171936035156,59.366188049316406,True
convolutional_vae,cylinder,0.0001,1,grid128,False,mse,0.014595163986086845,0.0997932106256485,0.5219250917434692,54.32651901245117,True
convolutional_vae,case_k_003_left,0.001,10,grid64,False,mse,0.3922424614429474,0.46420395374298096,-0.5956794023513794,133.86508178710938,True
convolutional_vae,case_k_008_right,0.001,10,grid64,False,mse,1.5175803899765015,0.8816973567008972,0.6934558153152466,43.703800201416016,True
convolutional_vae,case_m_006_left,0.001,10,grid64,False,mse,14.990721702575684,3.5237321853637695,0.7643187046051025,39.53238296508789,True
convolutional_vae,case_w_027_right,0.001,10,grid64,False,mse,0.19357149302959442,0.35824012756347656,-0.3332730531692505,112.1040267944336,True
convolutional_vae,case_w_038_left,0.001,10,grid64,False,mse,0.2874909043312073,0.41340798139572144,-0.2990320920944214,112.04686737060547,True
convolutional_vae,bifurication,0.001,10,grid64,False,mse,0.08163301646709442,0.19604341685771942,0.1293075978755951,82.03196716308594,True
convolutional_vae,aneurysm2,0.001,10,grid64,False,mse,,,,,True
convolutional_vae,aneurysm1,0.001,10,grid64,False,mse,,,,,True
convolutional_vae,cylinder,0.001,10,grid64,False,mse,0.08914555609226227,0.20734171569347382,0.13949279487133026,82.40193176269531,True
convolutional_vae,case_k_003_left,0.001,10,grid128,False,mse,0.28434693813323975,0.409994900226593,-0.6648178696632385,135.34002685546875,True
convolutional_vae,case_k_008_right,0.001,10,grid128,False,mse,0.16061343252658844,0.316744327545166,-0.8136563301086426,149.09274291992188,True
convolutional_vae,case_m_006_left,0.001,10,grid128,False,mse,0.16991281509399414,0.3017830550670624,-0.9239622950553894,160.3180694580078,True
convolutional_vae,case_w_027_right,0.001,10,grid128,False,mse,0.1765650063753128,0.33023470640182495,-0.8239738941192627,148.84295654296875,True
convolutional_vae,case_w_038_left,0.001,10,grid128,False,mse,0.19754184782505035,0.3406786322593689,-0.7962706685066223,146.1822967529297,True
convolutional_vae,aneurysm1,0.001,10,grid128,False,mse,0.11609234660863876,0.26669010519981384,-0.8771653771400452,154.69004821777344,True
convolutional_vae,aneurysm2,0.001,10,grid128,False,mse,0.15642626583576202,0.3340289294719696,-0.7093526124954224,137.51016235351562,True
convolutional_vae,bifurication,0.001,10,grid128,False,mse,0.025211941450834274,0.10127579420804977,-0.916374146938324,158.85195922851562,True
convolutional_vae,cylinder,0.001,10,grid128,False,mse,0.03764069080352783,0.11473263055086136,-0.9957308769226074,174.837158203125,True
convolutional_vae,case_k_003_left,0.0001,10,grid128,False,mse,0.21955932676792145,0.3542192578315735,0.28832221031188965,70.50031280517578,True
convolutional_vae,case_k_008_right,0.0001,10,grid128,False,mse,0.10239436477422714,0.2580080032348633,0.23155277967453003,74.03978729248047,True
convolutional_vae,case_m_006_left,0.0001,10,grid128,False,mse,0.11728789657354355,0.2578476071357727,-0.5685786604881287,127.63694763183594,True
convolutional_vae,case_w_027_right,0.0001,10,grid128,False,mse,0.11203183978796005,0.2715001106262207,0.26985031366348267,71.91870880126953,True
convolutional_vae,case_w_038_left,0.0001,10,grid128,False,mse,0.12945511937141418,0.2847888469696045,0.32146191596984863,68.1291275024414,True
convolutional_vae,aneurysm1,0.0001,10,grid128,False,mse,0.06144101172685623,0.20324429869651794,0.13705605268478394,79.2013168334961,True
convolutional_vae,aneurysm2,0.0001,10,grid128,False,mse,0.10246098786592484,0.2762083113193512,-0.14538957178592682,99.17431640625,True
convolutional_vae,bifurication,0.0001,10,grid128,False,mse,0.004814967978745699,0.04306863620877266,0.09351886063814163,81.26912689208984,True
convolutional_vae,cylinder,0.0001,10,grid128,False,mse,0.01014296431094408,0.058645907789468765,0.12246520817279816,78.53056335449219,True
convolutional_vae,case_k_003_left,0.1,30,grid64,False,mse,0.21943393349647522,0.35562700033187866,0.6444587111473083,44.81414794921875,True
convolutional_vae,case_k_008_right,0.1,30,grid64,False,mse,0.10045238584280014,0.2563987970352173,0.8535215258598328,25.845233917236328,True
convolutional_vae,case_m_006_left,0.1,30,grid64,False,mse,0.06767086684703827,0.20530542731285095,0.8943255543708801,24.471752166748047,True
convolutional_vae,case_w_027_right,0.1,30,grid64,False,mse,0.11094535887241364,0.2701607644557953,0.6804313659667969,44.54120635986328,True
convolutional_vae,case_w_038_left,0.1,30,grid64,False,mse,0.13045842945575714,0.2852664589881897,0.7010678052902222,42.47028732299805,True
convolutional_vae,bifurication,0.1,30,grid64,False,mse,0.00432094419375062,0.03634990379214287,0.5618314146995544,53.141056060791016,True
convolutional_vae,aneurysm2,0.1,30,grid64,False,mse,,,,,True
convolutional_vae,aneurysm1,0.1,30,grid64,False,mse,,,,,True
convolutional_vae,cylinder,0.1,30,grid64,False,mse,0.009896372444927692,0.05131073668599129,0.6100388765335083,52.3822021484375,True
convolutional_vae,case_k_003_left,0.01,30,grid64,False,mse,0.220321387052536,0.3569990396499634,0.1131720319390297,82.9308090209961,True
convolutional_vae,case_k_008_right,0.01,30,grid64,False,mse,0.09789267182350159,0.2528374493122101,0.7554727792739868,34.49374771118164,True
convolutional_vae,case_m_006_left,0.01,30,grid64,False,mse,0.06614658236503601,0.19790294766426086,0.9639137983322144,12.465825080871582,True
convolutional_vae,case_w_027_right,0.01,30,grid64,False,mse,0.11036306619644165,0.26953744888305664,0.47843390703201294,58.140689849853516,True
convolutional_vae,case_w_038_left,0.01,30,grid64,False,mse,0.12882713973522186,0.28363940119743347,0.3411727547645569,66.41702270507812,True
convolutional_vae,bifurication,0.01,30,grid64,False,mse,0.004415143746882677,0.03674114868044853,0.09791833162307739,83.92731475830078,True
convolutional_vae,aneurysm2,0.01,30,grid64,False,mse,,,,,True
convolutional_vae,aneurysm1,0.01,30,grid64,False,mse,,,,,True
convolutional_vae,cylinder,0.01,30,grid64,False,mse,,,,,True
convolutional_vae,case_k_003_left,0.01,30,grid128,False,mse,0.6353617906570435,0.573242723941803,-0.5241159796714783,123.75831604003906,True
convolutional_vae,case_k_008_right,0.01,30,grid128,False,mse,0.4819354712963104,0.5360941886901855,-0.6308764219284058,130.67123413085938,True
convolutional_vae,case_m_006_left,0.01,30,grid128,False,mse,0.5674183368682861,0.6251009106636047,-0.8971668481826782,155.65011596679688,True
convolutional_vae,case_w_027_right,0.01,30,grid128,False,mse,0.5272408723831177,0.5684592127799988,-0.6868641376495361,135.86553955078125,True
convolutional_vae,case_w_038_left,0.01,30,grid128,False,mse,0.5932530164718628,0.6074457168579102,-0.8032727241516113,146.04208374023438,True
convolutional_vae,aneurysm1,0.01,30,grid128,False,mse,0.4317490756511688,0.5209776163101196,-0.7200474143028259,138.849365234375,True
convolutional_vae,aneurysm2,0.01,30,grid128,False,mse,0.4250409007072449,0.46055012941360474,-0.3702315390110016,112.41505432128906,True
convolutional_vae,bifurication,0.01,30,grid128,False,mse,0.25622880458831787,0.43590888381004333,-0.8113216757774353,145.54446411132812,True
convolutional_vae,cylinder,0.01,30,grid128,False,mse,0.2892898917198181,0.4557783305644989,-0.8807082176208496,151.72842407226562,True
convolutional_vae,case_k_003_left,0.001,30,grid64,False,mse,0.3055914044380188,0.38913270831108093,-0.05280306190252304,93.73553466796875,True
convolutional_vae,case_k_008_right,0.001,30,grid64,False,mse,0.19107244908809662,0.3300701379776001,0.7099007964134216,42.38206481933594,True
convolutional_vae,case_m_006_left,0.001,30,grid64,False,mse,0.10362302511930466,0.2495572417974472,0.653303861618042,47.325199127197266,True
convolutional_vae,case_w_027_right,0.001,30,grid64,False,mse,0.12691950798034668,0.27915477752685547,-0.02584017440676689,92.89869689941406,True
convolutional_vae,case_w_038_left,0.001,30,grid64,False,mse,0.22392983734607697,0.3606361150741577,-0.11624553799629211,98.04197692871094,True
convolutional_vae,bifurication,0.001,30,grid64,False,mse,0.05538234859704971,0.1588382124900818,0.1547648310661316,81.05021667480469,True
convolutional_vae,aneurysm2,0.001,30,grid64,False,mse,297966443167744.0,15338166.0,0.2076275497674942,74.30596923828125,True
convolutional_vae,aneurysm1,0.001,30,grid64,False,mse,inf,9.36201592063837e+25,0.0,90.0,True
convolutional_vae,cylinder,0.001,30,grid64,False,mse,0.07698240131139755,0.18700388073921204,0.08173946291208267,85.63883209228516,True
convolutional_vae,case_k_003_left,0.001,30,grid128,False,mse,0.21180708706378937,0.33771470189094543,0.4558979570865631,58.817623138427734,True
convolutional_vae,case_k_008_right,0.001,30,grid128,False,mse,0.09218711405992508,0.2396741658449173,0.5369738340377808,55.49809646606445,True
convolutional_vae,case_m_006_left,0.001,30,grid128,False,mse,0.0964236781001091,0.24650844931602478,0.2487596720457077,74.91724395751953,True
convolutional_vae,case_w_027_right,0.001,30,grid128,False,mse,0.1044357642531395,0.262839138507843,0.35960349440574646,66.80526733398438,True
convolutional_vae,case_w_038_left,0.001,30,grid128,False,mse,0.12655702233314514,0.2795761823654175,0.24594111740589142,74.53514099121094,True
convolutional_vae,aneurysm1,0.001,30,grid128,False,mse,0.05462602153420448,0.19440709054470062,0.45654240250587463,60.81806945800781,True
convolutional_vae,aneurysm2,0.001,30,grid128,False,mse,0.08256971091032028,0.23564398288726807,0.8390918374061584,32.16938018798828,True
convolutional_vae,bifurication,0.001,30,grid128,False,mse,0.004147367086261511,0.05055290460586548,0.44884154200553894,62.46589660644531,True
convolutional_vae,cylinder,0.001,30,grid128,False,mse,0.008148066699504852,0.06735015660524368,0.48873043060302734,60.742027282714844,True
convolutional_vae,case_k_003_left,0.0001,30,grid64,False,mse,0.9043980240821838,0.6282483339309692,-0.29924243688583374,112.3659439086914,True
convolutional_vae,case_k_008_right,0.0001,30,grid64,False,mse,3.0115017890930176,1.1974018812179565,0.6632609367370605,43.66804504394531,True
convolutional_vae,case_m_006_left,0.0001,30,grid64,False,mse,8.413330078125,1.626441478729248,0.6817172169685364,44.88392639160156,True
convolutional_vae,case_w_027_right,0.0001,30,grid64,False,mse,0.617920994758606,0.5742630362510681,-0.034681398421525955,90.43463897705078,True
convolutional_vae,case_w_038_left,0.0001,30,grid64,False,mse,1.4729140996932983,0.7615934014320374,0.27987614274024963,70.76750946044922,True
convolutional_vae,bifurication,0.0001,30,grid64,False,mse,0.5594452023506165,0.667715847492218,0.7738696336746216,35.904727935791016,True
convolutional_vae,aneurysm2,0.0001,30,grid64,False,mse,0.020627424120903015,0.09825674444437027,-0.1362353265285492,100.18504333496094,True
convolutional_vae,aneurysm1,0.0001,30,grid64,False,mse,62.13318634033203,7.398401737213135,0.10716457664966583,83.46113586425781,True
convolutional_vae,cylinder,0.0001,30,grid64,False,mse,0.7344890236854553,0.7258800864219666,0.8701694011688232,28.67063331604004,True
convolutional_vae,case_k_003_left,0.0001,30,grid128,False,mse,0.2183775007724762,0.3535538911819458,0.26458442211151123,72.7007064819336,True
convolutional_vae,case_k_008_right,0.0001,30,grid128,False,mse,0.10054090619087219,0.25727155804634094,0.2117137461900711,76.07555389404297,True
convolutional_vae,case_m_006_left,0.0001,30,grid128,False,mse,0.10055377334356308,0.2454698532819748,0.0905323326587677,84.73095703125,True
convolutional_vae,case_w_027_right,0.0001,30,grid128,False,mse,0.1116320937871933,0.27200552821159363,0.04915822297334671,86.3720474243164,True
convolutional_vae,case_w_038_left,0.0001,30,grid128,False,mse,0.1272205263376236,0.27852606773376465,0.3963671028614044,64.7835693359375,True
convolutional_vae,aneurysm1,0.0001,30,grid128,False,mse,0.0633329525589943,0.21082527935504913,-0.10146638751029968,96.29454040527344,True
convolutional_vae,aneurysm2,0.0001,30,grid128,False,mse,0.0981612503528595,0.273043692111969,0.2736281454563141,74.03242492675781,True
convolutional_vae,bifurication,0.0001,30,grid128,False,mse,0.004548891447484493,0.0458974726498127,0.18894758820533752,78.82869720458984,True
convolutional_vae,cylinder,0.0001,30,grid128,False,mse,0.009596699848771095,0.06138594448566437,0.20660215616226196,78.07666015625,True
convolutional_vae,case_k_003_left,0.01,50,grid64,False,mse,0.21946440637111664,0.3559260666370392,0.5433804988861084,54.92894744873047,True
convolutional_vae,case_k_008_right,0.01,50,grid64,False,mse,0.09568847715854645,0.24876618385314941,0.8599807024002075,25.101778030395508,True
convolutional_vae,case_m_006_left,0.01,50,grid64,False,mse,0.05850977078080177,0.18969398736953735,0.9394283294677734,18.669544219970703,True
convolutional_vae,case_w_027_right,0.01,50,grid64,False,mse,0.10928260535001755,0.2686024308204651,0.6624441146850586,45.22007751464844,True
convolutional_vae,case_w_038_left,0.01,50,grid64,False,mse,0.12562192976474762,0.27893611788749695,0.7789306640625,35.506465911865234,True
convolutional_vae,bifurication,0.01,50,grid64,False,mse,0.002951446920633316,0.030251434072852135,0.8894200921058655,23.951446533203125,True
convolutional_vae,aneurysm2,0.01,50,grid64,False,mse,,,,,True
convolutional_vae,aneurysm1,0.01,50,grid64,False,mse,,,,,True
convolutional_vae,cylinder,0.01,50,grid64,False,mse,,,,,True
convolutional_vae,case_k_003_left,0.01,50,grid128,False,mse,0.20283110439777374,0.3267539441585541,0.605342447757721,49.245384216308594,True
convolutional_vae,case_k_008_right,0.01,50,grid128,False,mse,0.0850498378276825,0.23054078221321106,0.6696827411651611,46.30595779418945,True
convolutional_vae,case_m_006_left,0.01,50,grid128,False,mse,0.09331796318292618,0.24408648908138275,0.3302859365940094,70.10482788085938,True
convolutional_vae,case_w_027_right,0.01,50,grid128,False,mse,0.09963440895080566,0.25923648476600647,0.4452820420265198,61.70258712768555,True
convolutional_vae,case_w_038_left,0.01,50,grid128,False,mse,0.11701292544603348,0.2646654546260834,0.516183614730835,57.49650573730469,True
convolutional_vae,aneurysm1,0.01,50,grid128,False,mse,0.05481461435556412,0.1987202912569046,0.38413211703300476,65.67935943603516,True
convolutional_vae,aneurysm2,0.01,50,grid128,False,mse,0.07540208101272583,0.22848324477672577,0.9241303205490112,20.657711029052734,True
convolutional_vae,bifurication,0.01,50,grid128,False,mse,0.004095610696822405,0.04716655611991882,0.5311548113822937,55.00447463989258,True
convolutional_vae,cylinder,0.01,50,grid128,False,mse,,,,,True
convolutional_vae,case_k_003_left,0.001,50,grid64,False,mse,0.2197253406047821,0.35561302304267883,-0.04528915882110596,93.22421264648438,True
convolutional_vae,case_k_008_right,0.001,50,grid64,False,mse,0.09742189943790436,0.2522532641887665,0.776085615158081,35.63699722290039,True
convolutional_vae,case_m_006_left,0.001,50,grid64,False,mse,0.02281714417040348,0.1200476735830307,0.9547305703163147,15.143149375915527,True
convolutional_vae,case_w_027_right,0.001,50,grid64,False,mse,0.10447405278682709,0.2641531825065613,0.3031509220600128,68.24980163574219,True
convolutional_vae,case_w_038_left,0.001,50,grid64,False,mse,0.12835590541362762,0.2825239598751068,0.47622233629226685,56.758277893066406,True
convolutional_vae,bifurication,0.001,50,grid64,False,mse,0.004046992398798466,0.034570757299661636,0.8345383405685425,29.587614059448242,True
convolutional_vae,aneurysm2,0.001,50,grid64,False,mse,,,,,True
convolutional_vae,aneurysm1,0.001,50,grid64,False,mse,,,,,True
convolutional_vae,cylinder,0.001,50,grid64,False,mse,49741756.0,4992.20068359375,0.9293453097343445,19.056884765625,True
convolutional_vae,case_k_003_left,0.001,50,grid128,False,mse,0.22273589670658112,0.35856303572654724,-0.13832905888557434,99.08440399169922,True
convolutional_vae,case_k_008_right,0.001,50,grid128,False,mse,0.10395693778991699,0.2610647678375244,-0.213860422372818,104.01835632324219,True
convolutional_vae,case_m_006_left,0.001,50,grid128,False,mse,0.100943423807621,0.24162574112415314,0.10234995186328888,83.96367645263672,True
convolutional_vae,case_w_027_right,0.001,50,grid128,False,mse,0.11354450136423111,0.27317899465560913,-0.27601757645606995,108.19615936279297,True
convolutional_vae,case_w_038_left,0.001,50,grid128,False,mse,0.13169251382350922,0.28653234243392944,-0.004053679294884205,90.77534484863281,True
convolutional_vae,aneurysm1,0.001,50,grid128,False,mse,0.06261419504880905,0.20605893433094025,-0.1419665366411209,98.61788940429688,True
convolutional_vae,aneurysm2,0.001,50,grid128,False,mse,0.10162496566772461,0.27536994218826294,-0.2668749690055847,106.2423324584961,True
convolutional_vae,bifurication,0.001,50,grid128,False,mse,0.004665511194616556,0.040604330599308014,-0.00658418657258153,90.38715362548828,True
convolutional_vae,cylinder,0.001,50,grid128,False,mse,0.00995815359055996,0.05330329015851021,0.014333262108266354,89.18587493896484,True
convolutional_vae,case_k_003_left,0.0001,50,grid64,False,mse,0.34646889567375183,0.44163766503334045,-0.2154642939567566,102.97956848144531,True
convolutional_vae,case_k_008_right,0.0001,50,grid64,False,mse,0.6863576173782349,0.6677708029747009,0.018525272607803345,89.21006774902344,True
convolutional_vae,case_m_006_left,0.0001,50,grid64,False,mse,24.59280776977539,4.579541206359863,0.7163827419281006,42.46675109863281,True
convolutional_vae,case_w_027_right,0.0001,50,grid64,False,mse,0.1932794749736786,0.34627726674079895,-0.11616252362728119,97.47949981689453,True
convolutional_vae,case_w_038_left,0.0001,50,grid64,False,mse,0.4408484697341919,0.5213552713394165,-0.08363766223192215,95.53994750976562,True
convolutional_vae,bifurication,0.0001,50,grid64,False,mse,0.045770686119794846,0.20585669577121735,-0.4582531750202179,118.75589752197266,True
convolutional_vae,aneurysm2,0.0001,50,grid64,False,mse,0.041849520057439804,0.18467897176742554,0.16072002053260803,78.75045013427734,True
convolutional_vae,aneurysm1,0.0001,50,grid64,False,mse,0.6174718141555786,0.6002220511436462,0.156889408826828,79.99549865722656,True
convolutional_vae,cylinder,0.0001,50,grid64,False,mse,0.05776429548859596,0.2263927161693573,-0.5031097531318665,120.22459411621094,True
convolutional_vae,case_k_003_left,0.0001,50,grid128,False,mse,0.2168108969926834,0.3534277081489563,0.412395715713501,64.1615219116211,True
convolutional_vae,case_k_008_right,0.0001,50,grid128,False,mse,0.09866589307785034,0.25468429923057556,0.5475375652313232,53.07725524902344,True
convolutional_vae,case_m_006_left,0.0001,50,grid128,False,mse,0.10767219215631485,0.2389817237854004,0.8207091093063354,32.495723724365234,True
convolutional_vae,case_w_027_right,0.0001,50,grid128,False,mse,0.10438364744186401,0.262208491563797,0.6890463829040527,42.10517883300781,True
convolutional_vae,case_w_038_left,0.0001,50,grid128,False,mse,0.12491816282272339,0.2834041118621826,0.5017594695091248,58.13459396362305,True
convolutional_vae,aneurysm1,0.0001,50,grid128,False,mse,0.05461883544921875,0.19158604741096497,0.8647857904434204,27.33160972595215,True
convolutional_vae,aneurysm2,0.0001,50,grid128,False,mse,0.09601394832134247,0.2651107907295227,0.4046818017959595,65.31648254394531,True
convolutional_vae,bifurication,0.0001,50,grid128,False,mse,0.0033801551908254623,0.036304160952568054,0.7560674548149109,38.16550827026367,True
convolutional_vae,cylinder,0.0001,50,grid128,False,mse,0.007620081305503845,0.050386589020490646,0.8202626705169678,34.888580322265625,True
convolutional_vae,case_k_003_left,0.1,10,grid64,False,mse,0.21487653255462646,0.35127249360084534,0.7105896472930908,39.255313873291016,True
convolutional_vae,case_k_008_right,0.1,10,grid64,False,mse,0.09849591553211212,0.254278302192688,0.8170742392539978,32.052085876464844,True
convolutional_vae,case_m_006_left,0.1,10,grid64,False,mse,0.0955505445599556,0.236723855137825,0.8304874897003174,33.0191764831543,True
convolutional_vae,case_w_027_right,0.1,10,grid64,False,mse,0.10762301087379456,0.2666415572166443,0.7361020445823669,39.50737762451172,True
convolutional_vae,case_w_038_left,0.1,10,grid64,False,mse,0.12604768574237823,0.2803102731704712,0.8652163743972778,25.55548667907715,True
convolutional_vae,bifurication,0.1,10,grid64,False,mse,0.003555154427886009,0.033103276044130325,0.8747231960296631,26.57659149169922,True
convolutional_vae,aneurysm2,0.1,10,grid64,False,mse,,,,,True
convolutional_vae,aneurysm1,0.1,10,grid64,False,mse,,,,,True
convolutional_vae,cylinder,0.1,10,grid64,False,mse,,,,,True
